Question,Answer
1. What is the main goal of the Sustainable Development Goals (SDGs) mentioned in the text?,The main goal of the Sustainable Development Goals (SDGs) mentioned in the text is to end extreme poverty in all forms by 2030.
2. How has the international community made progress in reducing extreme poverty in the past 15 years?,"In the past 15 years, the international community has made progress in reducing extreme poverty by cutting it in half."
3. What are some of the key components of the goal to end hunger and achieve food security?,"Some key components of the goal to end hunger and achieve food security include promoting sustainable agriculture, supporting small farmers, ensuring access to nutritious food year-round, and addressing malnutrition. The goal also involves improving food distribution systems to ensure that vulnerable populations have access to the food they need."
"4. How has progress been made in improving access to education, particularly primary education, in developing regions?","Since 2000, there has been significant progress in improving access to education, especially primary education, in developing regions. The total enrollment rate in developing regions has reached 91%, which is a positive achievement towards providing primary education to all children worldwide. This progress indicates a good grade in terms of enrollment rates, showing that efforts have been successful in increasing access to education in these regions."
5. What are some of the challenges and achievements mentioned in relation to gender equality and empowering women and girls?,"Some of the challenges mentioned in relation to gender equality and empowering women and girls include gross inequalities in work and wages, unpaid ""women's work"" such as child care and domestic work, and discrimination in public decision-making. However, there have been achievements such as more girls being in school compared to 2000, most regions reaching gender parity in primary education, and an increase in the percentage of women getting paid for their work. The Sustainable Development Goals aim to build on these achievements to ensure an end to discrimination against women and girls everywhere."
6. Why is it important to ensure access to clean drinking water and sanitation for all by 2030?,"It is important to ensure access to clean drinking water and sanitation for all by 2030 because many people around the world do not have access to safe and affordable drinking water. Water scarcity affects more than 40 percent of the global population, and this number is projected to increase due to climate change. Without access to clean water and sanitation, people's health, livelihoods, and overall well-being are at risk. By ensuring access to clean drinking water and sanitation, we can improve public health, reduce water-related diseases, and promote sustainable development."
"7. How has access to electricity improved globally between 1990 and 2010, and what are the challenges related to energy consumption?","Access to electricity globally improved significantly between 1990 and 2010, with the number of people with access to electricity increasing by 1.7 billion during that period. This progress is something to be proud of. However, as the world's population continues to grow, more people will need affordable energy for various purposes. The challenge lies in ensuring that this energy consumption is sustainable and does not harm the environment. Fossil fuels and greenhouse gas emissions from traditional energy sources are contributing to climate change, which is causing significant problems worldwide. To address these challenges, there is a need to focus on energy efficiency, invest in clean energy sources like solar and wind, and transition towards more sustainable energy practices."
8. What are some of the strategies mentioned for promoting sustainable economic growth and decent work for all?,"Some of the strategies mentioned for promoting sustainable economic growth and decent work for all include encouraging entrepreneurship and job creation, eradicating forced labor, slavery, and human trafficking, and ensuring decent work for all women and men by 2030."
9. How can technological progress and innovation help address global challenges related to sustainable development?,"Technological progress and innovation can help address global challenges related to sustainable development by bridging the digital divide, promoting sustainable industries, and investing in scientific research. This can lead to better infrastructure, improved access to information and resources, and more efficient solutions to environmental and social issues."
"10. Why is it important to reduce inequality within and among countries, and what are some proposed solutions?","Reducing inequality within and among countries is important because it promotes social stability, economic growth, and overall well-being. When there is less inequality, societies are more cohesive, and individuals have more opportunities to succeed. Some proposed solutions to reduce inequality include improving financial market regulations, providing development aid where needed, ensuring safe migration for better opportunities, and creating policies that offer equal opportunities for everyone regardless of their background."
